{
  "risk_probability": 0.5091888855206159,
  "top_shap_features": {
    "num__Hemo": -2.556378019440033,
    "num__Sg": -1.0566195219201384,
    "num__Rbcc": -0.9160225213897829,
    "bin__Htn": 0.8386874161218711,
    "num__Su": -0.5257486235659722
  }
}